"Index #","Sample ID",Project,"Index 1 (I7)","Index 2 (I5)","% Reads Identified (PF)",Value,"Reads PF/Sample"
1,5_1,default,CTCGACTT,CTACTATA,0.5997,0.005997,164909.020242
2,4_3,default,CGAAGTAT,CTACTATA,0.8323,0.008323,228870.73127800002
3,2_3,default,TAGCAGCT,CTACTATA,0.5745,0.005745,157979.37657
4,17_3,default,TCTCTATG,CTACTATA,0.5518,0.0055179999999999995,151737.197548
5,7_2,default,GATCTACG,CTACTATA,0.9195,0.009195,252849.49827
6,24_2,default,GTAACGAG,CTACTATA,0.8553,0.008553,235195.406058
7,26_4,default,ACGTGCGC,CTACTATA,0.8227,0.008227,226230.867022
8,15_1,default,ATAGTACC,CTACTATA,1.0639,0.010639000000000001,292557.456454
9,24_1,default,GCGTATAC,CTACTATA,1.0039,0.010039,276058.304854
10,15_2,default,TGCTCGTA,CTACTATA,0.8486,0.008486,233353.000796
11,9_4,default,AACGCTGA,CTACTATA,0.8078,0.008078,222133.577708
12,12_2,default,CGTAGCGA,CTACTATA,0.9915,0.009915,272648.48019000003
13,11_4,default,CTCGACTT,CGTTACTA,0.8879,0.008879,244159.945094
14,10_2,default,CGAAGTAT,CGTTACTA,0.8128,0.008128,223508.507008
15,7_3,default,TAGCAGCT,CGTTACTA,0.5176,0.005175999999999999,142332.68113599997
16,10_1,default,TCTCTATG,CGTTACTA,0.5276,0.0052759999999999994,145082.53973599998
17,17_2,default,GATCTACG,CGTTACTA,0.866,0.00866,238137.75475999998
18,21_3,default,GTAACGAG,CGTTACTA,0.6697,0.006697,184158.030442
19,25_2,default,ACGTGCGC,CGTTACTA,0.831,0.00831,228513.24966
20,12_1,default,ATAGTACC,CGTTACTA,0.9018,0.009018,247982.248548
21,10_3,default,GCGTATAC,CGTTACTA,0.795,0.00795,218613.7587
22,8_1,default,TGCTCGTA,CGTTACTA,0.8171,0.008171000000000001,224690.94620600002
23,4_4,default,AACGCTGA,CGTTACTA,0.7062,0.007062000000000001,194195.01433200002
24,18_4,default,CGTAGCGA,CGTTACTA,0.8874,0.008874,244022.452164
25,19_1,default,CTCGACTT,AGAGTCAC,0.9965,0.009965,274023.40949
26,16_3,default,CGAAGTAT,AGAGTCAC,1.117,0.01117,307159.20561999996
27,5_3,default,TAGCAGCT,AGAGTCAC,0.6126,0.006126,168456.33783600002
28,1_1,default,TCTCTATG,AGAGTCAC,0.5175,0.005175,142305.18255
29,20_1,default,GATCTACG,AGAGTCAC,0.9439,0.009439,259559.15325399998
30,14_1,default,GTAACGAG,AGAGTCAC,0.8797,0.008797000000000001,241905.06104200002
31,4_1,default,ACGTGCGC,AGAGTCAC,0.7747,0.007747,213031.54574200002
32,18_3,default,ATAGTACC,AGAGTCAC,0.7956,0.007956,218778.750216
33,13_1,default,GCGTATAC,AGAGTCAC,0.6847,0.006847,188282.81834199998
34,6_3,default,TGCTCGTA,AGAGTCAC,0.7632,0.007632,209869.208352
35,23_2,default,AACGCTGA,AGAGTCAC,0.6296,0.006296,173131.09745600002
36,15_3,default,CGTAGCGA,AGAGTCAC,0.7874,0.007873999999999999,216523.86616399998
37,5_2,default,CTCGACTT,TACGAGAC,1.1426,0.011426,314198.843636
38,16_4,default,CGAAGTAT,TACGAGAC,1.145,0.01145,314858.8097
39,21_4,default,TAGCAGCT,TACGAGAC,0.7473,0.007473,205496.93317799998
40,26_2,default,TCTCTATG,TACGAGAC,0.697,0.00697,191665.14442
41,20_2,default,GATCTACG,TACGAGAC,1.0467,0.010466999999999999,287827.69966199994
42,19_4,default,GTAACGAG,TACGAGAC,1.0181,0.010181,279963.104066
43,14_3,default,ACGTGCGC,TACGAGAC,0.8737,0.008737,240255.145882
44,26_3,default,ATAGTACC,TACGAGAC,1.0503,0.010503,288817.648758
45,19_3,default,GCGTATAC,TACGAGAC,0.9734,0.009734,267671.236124
46,3_1,default,TGCTCGTA,TACGAGAC,0.9489,0.009489,260934.08255399996
47,22_2,default,AACGCTGA,TACGAGAC,0.756,0.00756,207889.31016
48,18_1,default,CGTAGCGA,TACGAGAC,0.9808,0.009808,269706.13148800004
49,6_4,default,CTCGACTT,ACGTCTCG,0.8693,0.008693,239045.20809799997
50,5_4,default,CGAAGTAT,ACGTCTCG,0.7707,0.007707,211931.602302
51,9_2,default,TAGCAGCT,ACGTCTCG,0.6108,0.006108,167961.363288
52,22_4,default,TCTCTATG,ACGTCTCG,0.6819,0.0068189999999999995,187512.857934
53,2_2,default,GATCTACG,ACGTCTCG,0.8511,0.008511,234040.465446
54,19_2,default,GTAACGAG,ACGTCTCG,0.7829,0.007829000000000001,215286.42979400003
55,14_4,default,ACGTGCGC,ACGTCTCG,0.7466,0.007466,205304.44307600003
56,9_3,default,ATAGTACC,ACGTCTCG,0.6262,0.006262,172196.145532
57,16_2,default,GCGTATAC,ACGTCTCG,0.7588,0.007588,208659.270568
58,3_4,default,TGCTCGTA,ACGTCTCG,0.7974,0.007974,219273.724764
59,21_2,default,AACGCTGA,ACGTCTCG,0.658,0.00658,180940.69587999998
60,3_2,default,CGTAGCGA,ACGTCTCG,0.8817,0.008817,242455.03276200002
61,14_2,default,CTCGACTT,TCGACGAG,0.8998,0.008998,247432.27682800003
62,16_1,default,CGAAGTAT,TCGACGAG,0.8748,0.008748,240557.63032800003
63,7_4,default,TAGCAGCT,TCGACGAG,0.625,0.00625,171866.1625
64,13_2,default,TCTCTATG,TCGACGAG,0.5303,0.0053029999999999996,145825.001558
65,4_2,default,GATCTACG,TCGACGAG,0.8156,0.008156,224278.467416
66,8_2,default,GTAACGAG,TCGACGAG,0.7841,0.007841,215616.412826
67,23_1,default,ACGTGCGC,TCGACGAG,0.8297,0.008297,228155.768042
68,17_1,default,ATAGTACC,TCGACGAG,1.0334,0.010334000000000001,284170.38772400003
69,1_2,default,GCGTATAC,TCGACGAG,0.775,0.00775,213114.0415
70,11_3,default,TGCTCGTA,TCGACGAG,0.7972,0.007972,219218.727592
71,17_4,default,AACGCTGA,TCGACGAG,0.7,0.006999999999999999,192490.10199999998
72,9_1,default,CGTAGCGA,TCGACGAG,0.751,0.00751,206514.38086
73,6_1,default,CTCGACTT,GATCGTGT,0.7702,0.007702,211794.10937199998
74,25_1,default,CGAAGTAT,GATCGTGT,0.8246,0.008246,226753.340156
75,2_4,default,TAGCAGCT,GATCGTGT,0.6498,0.006498,178685.811828
76,10_4,default,TCTCTATG,GATCGTGT,0.6455,0.006455,177503.37263
77,11_2,default,GATCTACG,GATCGTGT,0.8609,0.008609,236735.32687400002
78,6_2,default,GTAACGAG,GATCGTGT,0.8646,0.008646000000000001,237752.77455600002
79,2_1,default,ACGTGCGC,GATCGTGT,1.0109,0.010109,277983.205874
80,15_4,default,ATAGTACC,GATCGTGT,0.8221,0.008221000000000001,226065.875506
81,22_1,default,GCGTATAC,GATCGTGT,0.8253,0.008253,226945.830258
82,21_1,default,TGCTCGTA,GATCGTGT,0.7837,0.007837,215506.418482
83,11_1,default,AACGCTGA,GATCGTGT,0.6008,0.006008,165211.50468800002
84,7_1,default,CGTAGCGA,GATCGTGT,0.7022,0.0070220000000000005,193095.07089200002
85,26_1,default,CTCGACTT,GTCAGATA,1.1014,0.011014,302869.42620399996
86,18_2,default,CGAAGTAT,GTCAGATA,0.9663,0.009663,265718.836518
87,3_3,default,TAGCAGCT,GTCAGATA,0.6422,0.006422,176595.919292
88,22_3,default,TCTCTATG,GTCAGATA,0.7234,0.007234000000000001,198924.77112400002
89,8_3,default,GATCTACG,GTCAGATA,0.9779,0.009779,268908.672494
90,20_4,default,GTAACGAG,GTCAGATA,0.9738,0.009738,267781.230468
91,23_4,default,ACGTGCGC,GTCAGATA,1.1855,0.011855,325995.73702999996
92,8_4,default,ATAGTACC,GTCAGATA,1.1153,0.011153,306691.729658
93,23_3,default,GCGTATAC,GTCAGATA,1.4009,0.014009,385227.69127400004
94,20_3,default,TGCTCGTA,GTCAGATA,1.3233,0.013233,363888.788538
95,Zymo_POSC,default,AACGCTGA,GTCAGATA,0.957,0.00957,263161.46802000003
96,Water_NEGC,default,CGTAGCGA,GTCAGATA,0.006,6E-05,1649.91516
